cluster	sequence	taxonomy_full	taxonomy_genus	genus_species	strain	taxonomy_species	n_copies
Cluster0	ESL0183_ASV3	d__Bacteria;p__Bacillota_I;c__Bacilli_A;o__Lactobacillales;f__Lactobacillaceae;g__Lactobacillus;s__Lactobacillus helsingborgensis	d__Bacteria;p__Bacillota_I;c__Bacilli_A;o__Lactobacillales;f__Lactobacillaceae;g__Lactobacillus;	Lactobacillus helsingborgensis-ESL0183-Cluster0	ESL0183	d__Bacteria;p__Bacillota_I;c__Bacilli_A;o__Lactobacillales;f__Lactobacillaceae;g__Lactobacillus;s__helsingborgensis	1
Cluster1	ESL0183_ASV7	d__Bacteria;p__Bacillota_I;c__Bacilli_A;o__Lactobacillales;f__Lactobacillaceae;g__Lactobacillus;s__Lactobacillus helsingborgensis	d__Bacteria;p__Bacillota_I;c__Bacilli_A;o__Lactobacillales;f__Lactobacillaceae;g__Lactobacillus;	Lactobacillus helsingborgensis-ESL0183-Cluster1	ESL0183	d__Bacteria;p__Bacillota_I;c__Bacilli_A;o__Lactobacillales;f__Lactobacillaceae;g__Lactobacillus;s__helsingborgensis	1
Cluster10	ESL1293_ASV29	d__Bacteria;p__Bacillota_I;c__Bacilli_A;o__Lactobacillales;f__Lactobacillaceae;g__Lactobacillus;s__Lactobacillus huangpiensis	d__Bacteria;p__Bacillota_I;c__Bacilli_A;o__Lactobacillales;f__Lactobacillaceae;g__Lactobacillus;	Lactobacillus huangpiensis-ESL1293-Cluster10	ESL1293	d__Bacteria;p__Bacillota_I;c__Bacilli_A;o__Lactobacillales;f__Lactobacillaceae;g__Lactobacillus;s__huangpiensis	4
Cluster11	ESL1297_ASV1	d__Bacteria;p__Bacillota_I;c__Bacilli_A;o__Lactobacillales;f__Lactobacillaceae;g__Lactobacillus;s__Lactobacillus apis	d__Bacteria;p__Bacillota_I;c__Bacilli_A;o__Lactobacillales;f__Lactobacillaceae;g__Lactobacillus;	Lactobacillus apis-ESL1297-Cluster11	ESL1297	d__Bacteria;p__Bacillota_I;c__Bacilli_A;o__Lactobacillales;f__Lactobacillaceae;g__Lactobacillus;s__apis	4
Cluster12	ESL0352_ASV44	d__Bacteria;p__Bacillota_I;c__Bacilli_A;o__Lactobacillales;f__Lactobacillaceae;g__Lactobacillus;s__Lactobacillus kimbladii_A	d__Bacteria;p__Bacillota_I;c__Bacilli_A;o__Lactobacillales;f__Lactobacillaceae;g__Lactobacillus;	Lactobacillus kimbladii_A-ESL0352-Cluster12	ESL0352	d__Bacteria;p__Bacillota_I;c__Bacilli_A;o__Lactobacillales;f__Lactobacillaceae;g__Lactobacillus;s__kimbladii_A	1
Cluster13	ESL0352_ASV55	d__Bacteria;p__Bacillota_I;c__Bacilli_A;o__Lactobacillales;f__Lactobacillaceae;g__Lactobacillus;s__Lactobacillus kimbladii_A	d__Bacteria;p__Bacillota_I;c__Bacilli_A;o__Lactobacillales;f__Lactobacillaceae;g__Lactobacillus;	Lactobacillus kimbladii_A-ESL0352-Cluster13	ESL0352	d__Bacteria;p__Bacillota_I;c__Bacilli_A;o__Lactobacillales;f__Lactobacillaceae;g__Lactobacillus;s__kimbladii_A	1
Cluster14	ESL0352_ASV54	d__Bacteria;p__Bacillota_I;c__Bacilli_A;o__Lactobacillales;f__Lactobacillaceae;g__Lactobacillus;s__Lactobacillus kimbladii_A	d__Bacteria;p__Bacillota_I;c__Bacilli_A;o__Lactobacillales;f__Lactobacillaceae;g__Lactobacillus;	Lactobacillus kimbladii_A-ESL0352-Cluster14	ESL0352	d__Bacteria;p__Bacillota_I;c__Bacilli_A;o__Lactobacillales;f__Lactobacillaceae;g__Lactobacillus;s__kimbladii_A	1
Cluster15	ESL0352_ASV63	d__Bacteria;p__Bacillota_I;c__Bacilli_A;o__Lactobacillales;f__Lactobacillaceae;g__Lactobacillus;s__Lactobacillus kimbladii_A	d__Bacteria;p__Bacillota_I;c__Bacilli_A;o__Lactobacillales;f__Lactobacillaceae;g__Lactobacillus;	Lactobacillus kimbladii_A-ESL0352-Cluster15	ESL0352	d__Bacteria;p__Bacillota_I;c__Bacilli_A;o__Lactobacillales;f__Lactobacillaceae;g__Lactobacillus;s__kimbladii_A	1
Cluster16	ESL1028_ASV19	d__Bacteria;p__Bacillota;c__Bacilli;o__Lactobacillales;f__Lactobacillaceae;g__Bombilactobacillus;s__Bombilactobacillus mellifer	d__Bacteria;p__Bacillota;c__Bacilli;o__Lactobacillales;f__Lactobacillaceae;g__Bombilactobacillus;	Bombilactobacillus mellifer-ESL1028-Cluster16	ESL1028	d__Bacteria;p__Bacillota;c__Bacilli;o__Lactobacillales;f__Lactobacillaceae;g__Bombilactobacillus;s__mellifer	4
Cluster17	ESL0094_ASV70	d__Bacteria;p__Bacillota_I;c__Bacilli_A;o__Lactobacillales;f__Lactobacillaceae;g__Bombilactobacillus;s__Bombilactobacillus mellis	d__Bacteria;p__Bacillota_I;c__Bacilli_A;o__Lactobacillales;f__Lactobacillaceae;g__Bombilactobacillus;	Bombilactobacillus mellis-ESL0094-Cluster17	ESL0094	d__Bacteria;p__Bacillota_I;c__Bacilli_A;o__Lactobacillales;f__Lactobacillaceae;g__Bombilactobacillus;s__mellis	1
Cluster18	ESL0094_ASV51	d__Bacteria;p__Bacillota_I;c__Bacilli_A;o__Lactobacillales;f__Lactobacillaceae;g__Bombilactobacillus;s__Bombilactobacillus mellis	d__Bacteria;p__Bacillota_I;c__Bacilli_A;o__Lactobacillales;f__Lactobacillaceae;g__Bombilactobacillus;	Bombilactobacillus mellis-ESL0094-Cluster18	ESL0094	d__Bacteria;p__Bacillota_I;c__Bacilli_A;o__Lactobacillales;f__Lactobacillaceae;g__Bombilactobacillus;s__mellis	3
Cluster19	ESL0672_ASV21	d__Bacteria;p__Pseudomonadota;c__Gammaproteobacteria;o__Burkholderiales;f__Neisseriaceae;g__Snodgrassella;s__Snodgrassella alvi	d__Bacteria;p__Pseudomonadota;c__Gammaproteobacteria;o__Burkholderiales;f__Neisseriaceae;g__Snodgrassella;	Snodgrassella alvi-ESL0672-Cluster19	ESL0672	d__Bacteria;p__Pseudomonadota;c__Gammaproteobacteria;o__Burkholderiales;f__Neisseriaceae;g__Snodgrassella;s__alvi	2
Cluster2	ESL0183_ASV6	d__Bacteria;p__Bacillota_I;c__Bacilli_A;o__Lactobacillales;f__Lactobacillaceae;g__Lactobacillus;s__Lactobacillus helsingborgensis	d__Bacteria;p__Bacillota_I;c__Bacilli_A;o__Lactobacillales;f__Lactobacillaceae;g__Lactobacillus;	Lactobacillus helsingborgensis-ESL0183-Cluster2	ESL0183	d__Bacteria;p__Bacillota_I;c__Bacilli_A;o__Lactobacillales;f__Lactobacillaceae;g__Lactobacillus;s__helsingborgensis	1
Cluster20	ESL0672_ASV20	d__Bacteria;p__Pseudomonadota;c__Gammaproteobacteria;o__Burkholderiales;f__Neisseriaceae;g__Snodgrassella;s__Snodgrassella alvi	d__Bacteria;p__Pseudomonadota;c__Gammaproteobacteria;o__Burkholderiales;f__Neisseriaceae;g__Snodgrassella;	Snodgrassella alvi-ESL0672-Cluster20	ESL0672	d__Bacteria;p__Pseudomonadota;c__Gammaproteobacteria;o__Burkholderiales;f__Neisseriaceae;g__Snodgrassella;s__alvi	2
Cluster21	ESL0142_ASV81	d__Bacteria;p__Pseudomonadota;c__Gammaproteobacteria;o__Enterobacterales;f__Enterobacteriaceae_A;g__Gilliamella;s__Gilliamella apicola	d__Bacteria;p__Pseudomonadota;c__Gammaproteobacteria;o__Enterobacterales;f__Enterobacteriaceae_A;g__Gilliamella;	Gilliamella apicola-ESL0142-Cluster21	ESL0142	d__Bacteria;p__Pseudomonadota;c__Gammaproteobacteria;o__Enterobacterales;f__Enterobacteriaceae_A;g__Gilliamella;s__apicola	1
Cluster22	ESL0142_ASV88	d__Bacteria;p__Pseudomonadota;c__Gammaproteobacteria;o__Enterobacterales;f__Enterobacteriaceae_A;g__Gilliamella;s__Gilliamella apicola	d__Bacteria;p__Pseudomonadota;c__Gammaproteobacteria;o__Enterobacterales;f__Enterobacteriaceae_A;g__Gilliamella;	Gilliamella apicola-ESL0142-Cluster22	ESL0142	d__Bacteria;p__Pseudomonadota;c__Gammaproteobacteria;o__Enterobacterales;f__Enterobacteriaceae_A;g__Gilliamella;s__apicola	1
Cluster23	ESL0142_ASV62	d__Bacteria;p__Pseudomonadota;c__Gammaproteobacteria;o__Enterobacterales;f__Enterobacteriaceae_A;g__Gilliamella;s__Gilliamella apicola	d__Bacteria;p__Pseudomonadota;c__Gammaproteobacteria;o__Enterobacterales;f__Enterobacteriaceae_A;g__Gilliamella;	Gilliamella apicola-ESL0142-Cluster23	ESL0142	d__Bacteria;p__Pseudomonadota;c__Gammaproteobacteria;o__Enterobacterales;f__Enterobacteriaceae_A;g__Gilliamella;s__apicola	2
Cluster24	ESL0172_ASV38	d__Bacteria;p__Pseudomonadota;c__Gammaproteobacteria;o__Enterobacterales;f__Enterobacteriaceae_A;g__Gilliamella;s__Gilliamella apis_A	d__Bacteria;p__Pseudomonadota;c__Gammaproteobacteria;o__Enterobacterales;f__Enterobacteriaceae_A;g__Gilliamella;	Gilliamella apis_A-ESL0172-Cluster24	ESL0172	d__Bacteria;p__Pseudomonadota;c__Gammaproteobacteria;o__Enterobacterales;f__Enterobacteriaceae_A;g__Gilliamella;s__apis_A	2
Cluster25	ESL0172_ASV46	d__Bacteria;p__Pseudomonadota;c__Gammaproteobacteria;o__Enterobacterales;f__Enterobacteriaceae_A;g__Gilliamella;s__Gilliamella apis_A	d__Bacteria;p__Pseudomonadota;c__Gammaproteobacteria;o__Enterobacterales;f__Enterobacteriaceae_A;g__Gilliamella;	Gilliamella apis_A-ESL0172-Cluster25	ESL0172	d__Bacteria;p__Pseudomonadota;c__Gammaproteobacteria;o__Enterobacterales;f__Enterobacteriaceae_A;g__Gilliamella;s__apis_A	2
Cluster26	ESL0177_ASV68	d__Bacteria;p__Pseudomonadota;c__Gammaproteobacteria;o__Enterobacterales;f__Enterobacteriaceae_A;g__Gilliamella;s__Gilliamella apicola_Q	d__Bacteria;p__Pseudomonadota;c__Gammaproteobacteria;o__Enterobacterales;f__Enterobacteriaceae_A;g__Gilliamella;	Gilliamella apicola_Q-ESL0177-Cluster26	ESL0177	d__Bacteria;p__Pseudomonadota;c__Gammaproteobacteria;o__Enterobacterales;f__Enterobacteriaceae_A;g__Gilliamella;s__apicola_Q	1
Cluster27	ESL0177_ASV74	d__Bacteria;p__Pseudomonadota;c__Gammaproteobacteria;o__Enterobacterales;f__Enterobacteriaceae_A;g__Gilliamella;s__Gilliamella apicola_Q	d__Bacteria;p__Pseudomonadota;c__Gammaproteobacteria;o__Enterobacterales;f__Enterobacteriaceae_A;g__Gilliamella;	Gilliamella apicola_Q-ESL0177-Cluster27	ESL0177	d__Bacteria;p__Pseudomonadota;c__Gammaproteobacteria;o__Enterobacterales;f__Enterobacteriaceae_A;g__Gilliamella;s__apicola_Q	1
Cluster28	ESL0177_ASV41	d__Bacteria;p__Pseudomonadota;c__Gammaproteobacteria;o__Enterobacterales;f__Enterobacteriaceae_A;g__Gilliamella;s__Gilliamella apicola_Q	d__Bacteria;p__Pseudomonadota;c__Gammaproteobacteria;o__Enterobacterales;f__Enterobacteriaceae_A;g__Gilliamella;	Gilliamella apicola_Q-ESL0177-Cluster28	ESL0177	d__Bacteria;p__Pseudomonadota;c__Gammaproteobacteria;o__Enterobacterales;f__Enterobacteriaceae_A;g__Gilliamella;s__apicola_Q	2
Cluster29	ESL0309_ASV37	d__Bacteria;p__Pseudomonadota;c__Gammaproteobacteria;o__Enterobacterales;f__Enterobacteriaceae_A;g__Gilliamella;s__Gilliamella apicola_N	d__Bacteria;p__Pseudomonadota;c__Gammaproteobacteria;o__Enterobacterales;f__Enterobacteriaceae_A;g__Gilliamella;	Gilliamella apicola_N-ESL0309-Cluster29	ESL0309	d__Bacteria;p__Pseudomonadota;c__Gammaproteobacteria;o__Enterobacterales;f__Enterobacteriaceae_A;g__Gilliamella;s__apicola_N	1
Cluster3	ESL0183_ASV5	d__Bacteria;p__Bacillota_I;c__Bacilli_A;o__Lactobacillales;f__Lactobacillaceae;g__Lactobacillus;s__Lactobacillus helsingborgensis	d__Bacteria;p__Bacillota_I;c__Bacilli_A;o__Lactobacillales;f__Lactobacillaceae;g__Lactobacillus;	Lactobacillus helsingborgensis-ESL0183-Cluster3	ESL0183	d__Bacteria;p__Bacillota_I;c__Bacilli_A;o__Lactobacillales;f__Lactobacillaceae;g__Lactobacillus;s__helsingborgensis	1
Cluster30	ESL0309_ASV18	d__Bacteria;p__Pseudomonadota;c__Gammaproteobacteria;o__Enterobacterales;f__Enterobacteriaceae_A;g__Gilliamella;s__Gilliamella apicola_N	d__Bacteria;p__Pseudomonadota;c__Gammaproteobacteria;o__Enterobacterales;f__Enterobacteriaceae_A;g__Gilliamella;	Gilliamella apicola_N-ESL0309-Cluster30	ESL0309	d__Bacteria;p__Pseudomonadota;c__Gammaproteobacteria;o__Enterobacterales;f__Enterobacteriaceae_A;g__Gilliamella;s__apicola_N	3
Cluster31	ESL1295_ASV85	d__Bacteria;p__Pseudomonadota;c__Gammaproteobacteria;o__Enterobacterales;f__Enterobacteriaceae_A;g__Gilliamella;s__Gilliamella apis	d__Bacteria;p__Pseudomonadota;c__Gammaproteobacteria;o__Enterobacterales;f__Enterobacteriaceae_A;g__Gilliamella;	Gilliamella apis-ESL1295-Cluster31	ESL1295	d__Bacteria;p__Pseudomonadota;c__Gammaproteobacteria;o__Enterobacterales;f__Enterobacteriaceae_A;g__Gilliamella;s__apis	1
Cluster32	ESL1295_ASV86	d__Bacteria;p__Pseudomonadota;c__Gammaproteobacteria;o__Enterobacterales;f__Enterobacteriaceae_A;g__Gilliamella;s__Gilliamella apis	d__Bacteria;p__Pseudomonadota;c__Gammaproteobacteria;o__Enterobacterales;f__Enterobacteriaceae_A;g__Gilliamella;	Gilliamella apis-ESL1295-Cluster32	ESL1295	d__Bacteria;p__Pseudomonadota;c__Gammaproteobacteria;o__Enterobacterales;f__Enterobacteriaceae_A;g__Gilliamella;s__apis	1
Cluster33	ESL1295_ASV89	d__Bacteria;p__Pseudomonadota;c__Gammaproteobacteria;o__Enterobacterales;f__Enterobacteriaceae_A;g__Gilliamella;s__Gilliamella apis	d__Bacteria;p__Pseudomonadota;c__Gammaproteobacteria;o__Enterobacterales;f__Enterobacteriaceae_A;g__Gilliamella;	Gilliamella apis-ESL1295-Cluster33	ESL1295	d__Bacteria;p__Pseudomonadota;c__Gammaproteobacteria;o__Enterobacterales;f__Enterobacteriaceae_A;g__Gilliamella;s__apis	1
Cluster34	ESL1295_ASV97	d__Bacteria;p__Pseudomonadota;c__Gammaproteobacteria;o__Enterobacterales;f__Enterobacteriaceae_A;g__Gilliamella;s__Gilliamella apis	d__Bacteria;p__Pseudomonadota;c__Gammaproteobacteria;o__Enterobacterales;f__Enterobacteriaceae_A;g__Gilliamella;	Gilliamella apis-ESL1295-Cluster34	ESL1295	d__Bacteria;p__Pseudomonadota;c__Gammaproteobacteria;o__Enterobacterales;f__Enterobacteriaceae_A;g__Gilliamella;s__apis	1
Cluster35	ESL0868_ASV32	d__Bacteria;p__Pseudomonadota;c__Gammaproteobacteria;o__Enterobacterales;f__Enterobacteriaceae;g__Frischella;s__Frischella perrara	d__Bacteria;p__Pseudomonadota;c__Gammaproteobacteria;o__Enterobacterales;f__Enterobacteriaceae;g__Frischella;	Frischella perrara-ESL0868-Cluster35	ESL0868	d__Bacteria;p__Pseudomonadota;c__Gammaproteobacteria;o__Enterobacterales;f__Enterobacteriaceae;g__Frischella;s__perrara	1
Cluster36	ESL0868_ASV9	d__Bacteria;p__Pseudomonadota;c__Gammaproteobacteria;o__Enterobacterales;f__Enterobacteriaceae;g__Frischella;s__Frischella perrara	d__Bacteria;p__Pseudomonadota;c__Gammaproteobacteria;o__Enterobacterales;f__Enterobacteriaceae;g__Frischella;	Frischella perrara-ESL0868-Cluster36	ESL0868	d__Bacteria;p__Pseudomonadota;c__Gammaproteobacteria;o__Enterobacterales;f__Enterobacteriaceae;g__Frischella;s__perrara	3
Cluster37	ESL0198_ASV15	d__Bacteria;p__Actinomycetota;c__Actinomycetes;o__Actinomycetales;f__Bifidobacteriaceae;g__Bifidobacterium;s__Bifidobacterium polysaccharolyticum	d__Bacteria;p__Actinomycetota;c__Actinomycetes;o__Actinomycetales;f__Bifidobacteriaceae;g__Bifidobacterium;	Bifidobacterium polysaccharolyticum-ESL0198-Cluster37	ESL0198	d__Bacteria;p__Actinomycetota;c__Actinomycetes;o__Actinomycetales;f__Bifidobacteriaceae;g__Bifidobacterium;s__polysaccharolyticum	2
Cluster38	ESL0199_ASV39	d__Bacteria;p__Actinomycetota;c__Actinomycetes;o__Actinomycetales;f__Bifidobacteriaceae;g__Bifidobacterium;s__Bifidobacterium asteroides_F	d__Bacteria;p__Actinomycetota;c__Actinomycetes;o__Actinomycetales;f__Bifidobacteriaceae;g__Bifidobacterium;	Bifidobacterium asteroides_F-ESL0199-Cluster38	ESL0199	d__Bacteria;p__Actinomycetota;c__Actinomycetes;o__Actinomycetales;f__Bifidobacteriaceae;g__Bifidobacterium;s__asteroides_F	2
Cluster39	ESL1056_ASV31	d__Bacteria;p__Actinomycetota;c__Actinomycetes;o__Actinomycetales;f__Bifidobacteriaceae;g__Bifidobacterium;s__Bifidobacterium asteroides_A	d__Bacteria;p__Actinomycetota;c__Actinomycetes;o__Actinomycetales;f__Bifidobacteriaceae;g__Bifidobacterium;	Bifidobacterium asteroides_A-ESL1056-Cluster39	ESL1056	d__Bacteria;p__Actinomycetota;c__Actinomycetes;o__Actinomycetales;f__Bifidobacteriaceae;g__Bifidobacterium;s__asteroides_A	2
Cluster4	ESL0184_ASV76	d__Bacteria;p__Bacillota_I;c__Bacilli_A;o__Lactobacillales;f__Lactobacillaceae;g__Lactobacillus;s__Lactobacillus melliventris	d__Bacteria;p__Bacillota_I;c__Bacilli_A;o__Lactobacillales;f__Lactobacillaceae;g__Lactobacillus;	Lactobacillus melliventris-ESL0184-Cluster4	ESL0184	d__Bacteria;p__Bacillota_I;c__Bacilli_A;o__Lactobacillales;f__Lactobacillaceae;g__Lactobacillus;s__melliventris	1
Cluster40	ESL1057_ASV40	d__Bacteria;p__Actinomycetota;c__Actinomycetes;o__Actinomycetales;f__Bifidobacteriaceae;g__Bifidobacterium;s__Bifidobacterium choladohabitans	d__Bacteria;p__Actinomycetota;c__Actinomycetes;o__Actinomycetales;f__Bifidobacteriaceae;g__Bifidobacterium;	Bifidobacterium choladohabitans-ESL1057-Cluster40	ESL1057	d__Bacteria;p__Actinomycetota;c__Actinomycetes;o__Actinomycetales;f__Bifidobacteriaceae;g__Bifidobacterium;s__choladohabitans	2
Cluster41	ESL1062_ASV30	d__Bacteria;p__Actinomycetota;c__Actinomycetes;o__Actinomycetales;f__Bifidobacteriaceae;g__Bifidobacterium;s__Bifidobacterium mizhiense	d__Bacteria;p__Actinomycetota;c__Actinomycetes;o__Actinomycetales;f__Bifidobacteriaceae;g__Bifidobacterium;	Bifidobacterium mizhiense-ESL1062-Cluster41	ESL1062	d__Bacteria;p__Actinomycetota;c__Actinomycetes;o__Actinomycetales;f__Bifidobacteriaceae;g__Bifidobacterium;s__mizhiense	2
Cluster42	ESL1083_ASV23	d__Bacteria;p__Actinomycetota;c__Actinomycetes;o__Actinomycetales;f__Bifidobacteriaceae;g__Bifidobacterium;s__Bifidobacterium apousia	d__Bacteria;p__Actinomycetota;c__Actinomycetes;o__Actinomycetales;f__Bifidobacteriaceae;g__Bifidobacterium;	Bifidobacterium apousia-ESL1083-Cluster42	ESL1083	d__Bacteria;p__Actinomycetota;c__Actinomycetes;o__Actinomycetales;f__Bifidobacteriaceae;g__Bifidobacterium;s__apousia	2
Cluster43	ESL1291_ASV57	d__Bacteria;p__Actinomycetota;c__Actinomycetia;o__Actinomycetales;f__Bifidobacteriaceae;g__Bifidobacterium;s__Bifidobacterium indicum	d__Bacteria;p__Actinomycetota;c__Actinomycetia;o__Actinomycetales;f__Bifidobacteriaceae;g__Bifidobacterium;	Bifidobacterium indicum-ESL1291-Cluster43	ESL1291	d__Bacteria;p__Actinomycetota;c__Actinomycetia;o__Actinomycetales;f__Bifidobacteriaceae;g__Bifidobacterium;s__indicum	1
Cluster44	ESL1291_ASV60	d__Bacteria;p__Actinomycetota;c__Actinomycetia;o__Actinomycetales;f__Bifidobacteriaceae;g__Bifidobacterium;s__Bifidobacterium indicum	d__Bacteria;p__Actinomycetota;c__Actinomycetia;o__Actinomycetales;f__Bifidobacteriaceae;g__Bifidobacterium;	Bifidobacterium indicum-ESL1291-Cluster44	ESL1291	d__Bacteria;p__Actinomycetota;c__Actinomycetia;o__Actinomycetales;f__Bifidobacteriaceae;g__Bifidobacterium;s__indicum	1
Cluster45	ESL1292_ASV35	d__Bacteria;p__Actinomycetota;c__Actinomycetes;o__Actinomycetales;f__Bifidobacteriaceae;g__Bifidobacterium;s__Bifidobacterium asteroides	d__Bacteria;p__Actinomycetota;c__Actinomycetes;o__Actinomycetales;f__Bifidobacteriaceae;g__Bifidobacterium;	Bifidobacterium asteroides-ESL1292-Cluster45	ESL1292	d__Bacteria;p__Actinomycetota;c__Actinomycetes;o__Actinomycetales;f__Bifidobacteriaceae;g__Bifidobacterium;s__asteroides	2
Cluster46	ESL0284_ASV16	d__Bacteria;p__Pseudomonadota;c__Alphaproteobacteria;o__Acetobacterales;f__Acetobacteraceae;g__Commensalibacter;s__Commensalibacter melissae	d__Bacteria;p__Pseudomonadota;c__Alphaproteobacteria;o__Acetobacterales;f__Acetobacteraceae;g__Commensalibacter;	Commensalibacter melissae-ESL0284-Cluster46	ESL0284	d__Bacteria;p__Pseudomonadota;c__Alphaproteobacteria;o__Acetobacterales;f__Acetobacteraceae;g__Commensalibacter;s__melissae	4
Cluster47	ESL0024_ASV17	d__Bacteria;p__Pseudomonadota;c__Alphaproteobacteria;o__Rhizobiales_505101;f__Rhizobiaceae;g__Bartonella_A;s__Bartonella_A apis	d__Bacteria;p__Pseudomonadota;c__Alphaproteobacteria;o__Rhizobiales_505101;f__Rhizobiaceae;g__Bartonella_A;	Bartonella_A apis-ESL0024-Cluster47	ESL0024	d__Bacteria;p__Pseudomonadota;c__Alphaproteobacteria;o__Rhizobiales_505101;f__Rhizobiaceae;g__Bartonella_A;s__apis	2
Cluster5	ESL0184_ASV87	d__Bacteria;p__Bacillota_I;c__Bacilli_A;o__Lactobacillales;f__Lactobacillaceae;g__Lactobacillus;s__Lactobacillus melliventris	d__Bacteria;p__Bacillota_I;c__Bacilli_A;o__Lactobacillales;f__Lactobacillaceae;g__Lactobacillus;	Lactobacillus melliventris-ESL0184-Cluster5	ESL0184	d__Bacteria;p__Bacillota_I;c__Bacilli_A;o__Lactobacillales;f__Lactobacillaceae;g__Lactobacillus;s__melliventris	1
Cluster6	ESL0184_ASV90	d__Bacteria;p__Bacillota_I;c__Bacilli_A;o__Lactobacillales;f__Lactobacillaceae;g__Lactobacillus;s__Lactobacillus melliventris	d__Bacteria;p__Bacillota_I;c__Bacilli_A;o__Lactobacillales;f__Lactobacillaceae;g__Lactobacillus;	Lactobacillus melliventris-ESL0184-Cluster6	ESL0184	d__Bacteria;p__Bacillota_I;c__Bacilli_A;o__Lactobacillales;f__Lactobacillaceae;g__Lactobacillus;s__melliventris	1
Cluster7	ESL0184_ASV98	d__Bacteria;p__Bacillota_I;c__Bacilli_A;o__Lactobacillales;f__Lactobacillaceae;g__Lactobacillus;s__Lactobacillus melliventris	d__Bacteria;p__Bacillota_I;c__Bacilli_A;o__Lactobacillales;f__Lactobacillaceae;g__Lactobacillus;	Lactobacillus melliventris-ESL0184-Cluster7	ESL0184	d__Bacteria;p__Bacillota_I;c__Bacilli_A;o__Lactobacillales;f__Lactobacillaceae;g__Lactobacillus;s__melliventris	1
Cluster8	ESL0186_ASV42	d__Bacteria;p__Bacillota_I;c__Bacilli_A;o__Lactobacillales;f__Lactobacillaceae;g__Lactobacillus;s__Lactobacillus kullabergensis	d__Bacteria;p__Bacillota_I;c__Bacilli_A;o__Lactobacillales;f__Lactobacillaceae;g__Lactobacillus;	Lactobacillus kullabergensis-ESL0186-Cluster8	ESL0186	d__Bacteria;p__Bacillota_I;c__Bacilli_A;o__Lactobacillales;f__Lactobacillaceae;g__Lactobacillus;s__kullabergensis	2
Cluster9	ESL0186_ASV14	d__Bacteria;p__Bacillota_I;c__Bacilli_A;o__Lactobacillales;f__Lactobacillaceae;g__Lactobacillus;s__Lactobacillus kullabergensis	d__Bacteria;p__Bacillota_I;c__Bacilli_A;o__Lactobacillales;f__Lactobacillaceae;g__Lactobacillus;	Lactobacillus kullabergensis-ESL0186-Cluster9	ESL0186	d__Bacteria;p__Bacillota_I;c__Bacilli_A;o__Lactobacillales;f__Lactobacillaceae;g__Lactobacillus;s__kullabergensis	2