SampleID	rarefy_to	Barcode	Barcode_Quality	HiFi_Reads	HiFi_Mean_Read_Length	HiFi_Mean_Read_Quality	HiFi_Yield	Hive	Group	Bee	Timepoint	DPC	Replicate	SampleType	Run
2.F.1.A	20000	Kinnex16S_Fwd_01--Kinnex16S_Rev_34	99.4430554	34876	1514	Q30	52820495	2	F	1	A	4	15/07/2024	colonized_bee	m84177_250423_121042_s4
2.F.1.B	20000	Kinnex16S_Fwd_02--Kinnex16S_Rev_41	99.3924783	2074	1510	Q30	3132052	2	F	1	B	6	15/07/2024	colonized_bee	m84177_250423_121042_s4
2.F.1.C	20000	Kinnex16S_Fwd_07--Kinnex16S_Rev_21	99.35258093	4572	1510	Q30	6904007	2	F	1	C	9	15/07/2024	colonized_bee	m84177_250423_121042_s4
2.F.2.A	20000	Kinnex16S_Fwd_01--Kinnex16S_Rev_28	99.36878981	4710	1515	Q30	7139266	2	F	2	A	4	15/07/2024	colonized_bee	m84177_250423_121042_s4
2.F.2.B	20000	Kinnex16S_Fwd_04--Kinnex16S_Rev_28	99.41452613	2258	1515	Q30	3421316	2	F	2	B	6	15/07/2024	colonized_bee	m84177_250423_121042_s4
2.F.2.C	20000	Kinnex16S_Fwd_06--Kinnex16S_Rev_29	99.40937517	18709	1512	Q30	28299059	2	F	2	C	9	15/07/2024	colonized_bee	m84177_250423_121042_s4
2.F.3.A	20000	Kinnex16S_Fwd_01--Kinnex16S_Rev_35	99.412965	38226	1522	Q30	58198944	2	F	3	A	4	15/07/2024	colonized_bee	m84177_250423_121042_s4
2.F.3.B	20000	Kinnex16S_Fwd_03--Kinnex16S_Rev_35	99.39171858	2729	1511	Q30	4124128	2	F	3	B	6	15/07/2024	colonized_bee	m84177_250423_121042_s4
2.F.3.C	20000	Kinnex16S_Fwd_04--Kinnex16S_Rev_43	99.26411739	2249	1513	Q30	3403032	2	F	3	C	9	15/07/2024	colonized_bee	m84177_250423_121042_s4
2.MD.1.A	20000	Kinnex16S_Fwd_02--Kinnex16S_Rev_21	99.45958816	7770	1510	Q30	11737072	2	MD	1	A	4	15/07/2024	MD	m84177_250423_121042_s4
2.MD.1.B	20000	Kinnex16S_Fwd_03--Kinnex16S_Rev_36	99.53081481	19747	1508	Q30	29788554	2	MD	1	B	6	15/07/2024	MD	m84177_250423_121042_s4
2.MD.2.B	20000	Kinnex16S_Fwd_02--Kinnex16S_Rev_42	98.09259259	54	1536	Q30	82997	2	MD	2	B	6	15/07/2024	MD	m84177_250423_121042_s4
2.MD.3.B	20000	Kinnex16S_Fwd_05--Kinnex16S_Rev_21	99.52263627	133856	1508	Q30	201912791	2	MD	3	B	6	15/07/2024	MD	m84177_250423_121042_s4
2.MD.4.B	20000	Kinnex16S_Fwd_09--Kinnex16S_Rev_33	99.51866962	101234	1509	Q30	152850581	2	MD	4	B	6	15/07/2024	MD	m84177_250423_121042_s4
2.SWT.2.A	20000	Kinnex16S_Fwd_09--Kinnex16S_Rev_34	97.12775665	1315	1527	Q29	2008331	2	SWT	2	A	4	15/07/2024	colonized_bee	m84177_250423_121042_s4
2.SWT.3.A	20000	Kinnex16S_Fwd_09--Kinnex16S_Rev_35	99.36558182	41542	1517	Q30	63057986	2	SWT	3	A	4	15/07/2024	colonized_bee	m84177_250423_121042_s4
3.F.1.A	20000	Kinnex16S_Fwd_02--Kinnex16S_Rev_38	99.22743259	2559	1511	Q30	3868663	3	F	1	A	4	15/07/2024	colonized_bee	m84177_250423_121042_s4
3.F.1.B	20000	Kinnex16S_Fwd_02--Kinnex16S_Rev_43	99.46982888	3331	1521	Q30	5067798	3	F	1	B	6	15/07/2024	colonized_bee	m84177_250423_121042_s4
3.F.1.C	20000	Kinnex16S_Fwd_07--Kinnex16S_Rev_22	99.33993674	6007	1518	Q30	9119890	3	F	1	C	9	15/07/2024	colonized_bee	m84177_250423_121042_s4
3.F.1.D	20000	Kinnex16S_Fwd_07--Kinnex16S_Rev_36	99.12484946	2491	1517	Q30	3779670	3	F	1	D	11	15/07/2024	colonized_bee	m84177_250423_121042_s4
3.F.2.A	20000	Kinnex16S_Fwd_02--Kinnex16S_Rev_23	99.36771729	3141	1513	Q30	4753982	3	F	2	A	4	15/07/2024	colonized_bee	m84177_250423_121042_s4
3.F.2.B	20000	Kinnex16S_Fwd_05--Kinnex16S_Rev_22	99.37316631	6067	1519	Q30	9216309	3	F	2	B	6	15/07/2024	colonized_bee	m84177_250423_121042_s4
3.F.2.C	20000	Kinnex16S_Fwd_06--Kinnex16S_Rev_30	99.40073029	36698	1512	Q30	55504390	3	F	2	C	9	15/07/2024	colonized_bee	m84177_250423_121042_s4
3.F.2.D	20000	Kinnex16S_Fwd_07--Kinnex16S_Rev_40	99.40793445	2319	1508	Q30	3497104	3	F	2	D	11	15/07/2024	colonized_bee	m84177_250423_121042_s4
3.F.3.A	20000	Kinnex16S_Fwd_01--Kinnex16S_Rev_36	99.45113137	40261	1508	Q30	60750076	3	F	3	A	4	15/07/2024	colonized_bee	m84177_250423_121042_s4
3.F.3.B	20000	Kinnex16S_Fwd_04--Kinnex16S_Rev_29	99.41917052	31152	1516	Q30	47239262	3	F	3	B	6	15/07/2024	colonized_bee	m84177_250423_121042_s4
3.F.3.C	20000	Kinnex16S_Fwd_04--Kinnex16S_Rev_44	99.39535435	4219	1520	Q30	6413859	3	F	3	C	9	15/07/2024	colonized_bee	m84177_250423_121042_s4
3.F.3.D	20000	Kinnex16S_Fwd_09--Kinnex16S_Rev_25	99.08851632	5547	1516	Q30	8409934	3	F	3	D	11	15/07/2024	colonized_bee	m84177_250423_121042_s4
3.F.4.C	20000	Kinnex16S_Fwd_07--Kinnex16S_Rev_23	99.43058161	6396	1515	Q30	9693883	3	F	4	C	9	15/07/2024	colonized_bee	m84177_250423_121042_s4
3.F.4.D	20000	Kinnex16S_Fwd_08--Kinnex16S_Rev_29	99.44753828	29126	1517	Q30	44208291	3	F	4	D	11	15/07/2024	colonized_bee	m84177_250423_121042_s4
3.MD.1.A	20000	Kinnex16S_Fwd_02--Kinnex16S_Rev_29	99.4527027	6364	1494	Q30	9508962	3	MD	1	A	4	15/07/2024	MD	m84177_250423_121042_s4
3.MD.1.B	20000	Kinnex16S_Fwd_04--Kinnex16S_Rev_30	99.40926937	10443	1492	Q30	15588789	3	MD	1	B	6	15/07/2024	MD	m84177_250423_121042_s4
3.MD.1.C	20000	Kinnex16S_Fwd_05--Kinnex16S_Rev_37	99.51725648	25121	1496	Q30	37592856	3	MD	1	C	9	15/07/2024	MD	m84177_250423_121042_s4
3.MD.1.D	20000	Kinnex16S_Fwd_08--Kinnex16S_Rev_30	99.45651653	25044	1493	Q30	37414654	3	MD	1	D	11	15/07/2024	MD	m84177_250423_121042_s4
3.MD.2.A	20000	Kinnex16S_Fwd_02--Kinnex16S_Rev_24	99.43659361	18342	1496	Q30	27452240	3	MD	2	A	4	15/07/2024	MD	m84177_250423_121042_s4
3.MD.2.B	20000	Kinnex16S_Fwd_02--Kinnex16S_Rev_44	92.03636364	55	1514	Q28	83290	3	MD	2	B	6	15/07/2024	MD	m84177_250423_121042_s4
3.MD.2.C	20000	Kinnex16S_Fwd_07--Kinnex16S_Rev_24	99.39737544	4877	1495	Q30	7293232	3	MD	2	C	9	15/07/2024	MD	m84177_250423_121042_s4
3.MD.2.D	20000	Kinnex16S_Fwd_07--Kinnex16S_Rev_41	96.85294118	34	1504	Q28	51146	3	MD	2	D	11	15/07/2024	MD	m84177_250423_121042_s4
3.MD.3.A	20000	Kinnex16S_Fwd_02--Kinnex16S_Rev_25	99.49827395	31575	1496	Q30	47242155	3	MD	3	A	4	15/07/2024	MD	m84177_250423_121042_s4
3.MD.3.B	20000	Kinnex16S_Fwd_05--Kinnex16S_Rev_23	99.51111837	101094	1499	Q30	151630651	3	MD	3	B	6	15/07/2024	MD	m84177_250423_121042_s4
3.MD.3.C	20000	Kinnex16S_Fwd_06--Kinnex16S_Rev_31	99.46837002	12994	1488	Q30	19344524	3	MD	3	C	9	15/07/2024	MD	m84177_250423_121042_s4
3.MD.3.D	20000	Kinnex16S_Fwd_09--Kinnex16S_Rev_26	99.42676089	17122	1487	Q30	25468988	3	MD	3	D	11	15/07/2024	MD	m84177_250423_121042_s4
3.MD.4.A	20000	Kinnex16S_Fwd_02--Kinnex16S_Rev_30	99.44360115	11463	1494	Q30	17128204	3	MD	4	A	4	15/07/2024	MD	m84177_250423_121042_s4
3.MD.4.C	20000	Kinnex16S_Fwd_05--Kinnex16S_Rev_38	99.51325981	23756	1495	Q30	35516382	3	MD	4	C	9	15/07/2024	MD	m84177_250423_121042_s4
3.MD.4.D	20000	Kinnex16S_Fwd_08--Kinnex16S_Rev_31	99.51513614	45322	1494	Q30	67718644	3	MD	4	D	11	15/07/2024	MD	m84177_250423_121042_s4
3.SWT.1.A	20000	Kinnex16S_Fwd_02--Kinnex16S_Rev_26	99.36222086	4881	1518	Q30	7412605	3	SWT	1	A	4	15/07/2024	colonized_bee	m84177_250423_121042_s4
3.SWT.1.B	20000	Kinnex16S_Fwd_04--Kinnex16S_Rev_31	99.45468075	34268	1512	Q30	51840884	3	SWT	1	B	6	15/07/2024	colonized_bee	m84177_250423_121042_s4
3.SWT.1.C	20000	Kinnex16S_Fwd_05--Kinnex16S_Rev_39	99.39320237	3207	1518	Q30	4870815	3	SWT	1	C	9	15/07/2024	colonized_bee	m84177_250423_121042_s4
3.SWT.1.D	20000	Kinnex16S_Fwd_07--Kinnex16S_Rev_42	99.41395223	3684	1519	Q30	5597904	3	SWT	1	D	11	15/07/2024	colonized_bee	m84177_250423_121042_s4
3.SWT.2.A	20000	Kinnex16S_Fwd_02--Kinnex16S_Rev_31	99.41781167	29767	1523	Q30	45353666	3	SWT	2	A	4	15/07/2024	colonized_bee	m84177_250423_121042_s4
3.SWT.2.B	20000	Kinnex16S_Fwd_03--Kinnex16S_Rev_37	99.44487262	4671	1513	Q30	7071043	3	SWT	2	B	6	15/07/2024	colonized_bee	m84177_250423_121042_s4
3.SWT.2.C	20000	Kinnex16S_Fwd_07--Kinnex16S_Rev_25	99.34936627	9231	1515	Q30	13985022	3	SWT	2	C	9	15/07/2024	colonized_bee	m84177_250423_121042_s4
3.SWT.2.D	20000	Kinnex16S_Fwd_07--Kinnex16S_Rev_43	99.41048593	3910	1520	Q30	5944426	3	SWT	2	D	11	15/07/2024	colonized_bee	m84177_250423_121042_s4
3.SWT.3.A	20000	Kinnex16S_Fwd_02--Kinnex16S_Rev_27	99.34436788	6676	1519	Q30	10145640	3	SWT	3	A	4	15/07/2024	colonized_bee	m84177_250423_121042_s4
3.SWT.3.B	20000	Kinnex16S_Fwd_05--Kinnex16S_Rev_24	99.35618836	6286	1518	Q30	9547512	3	SWT	3	B	6	15/07/2024	colonized_bee	m84177_250423_121042_s4
3.SWT.3.C	20000	Kinnex16S_Fwd_06--Kinnex16S_Rev_32	99.44006371	38299	1516	Q30	58096027	3	SWT	3	C	9	15/07/2024	colonized_bee	m84177_250423_121042_s4
3.SWT.3.D	20000	Kinnex16S_Fwd_09--Kinnex16S_Rev_27	98.92732498	4871	1516	Q30	7384994	3	SWT	3	D	11	15/07/2024	colonized_bee	m84177_250423_121042_s4
3.SWT.4.C	20000	Kinnex16S_Fwd_05--Kinnex16S_Rev_40	99.40465287	5459	1496	Q30	8170467	3	SWT	4	C	9	15/07/2024	colonized_bee	m84177_250423_121042_s4
3.SWT.5.C	20000	Kinnex16S_Fwd_07--Kinnex16S_Rev_26	99.42057107	6339	1513	Q30	9593654	3	SWT	5	C	9	15/07/2024	colonized_bee	m84177_250423_121042_s4
4.F.1.A	20000	Kinnex16S_Fwd_01--Kinnex16S_Rev_40	99.45277092	4457	1495	Q30	6663632	4	F	1	A	4	15/07/2024	colonized_bee	m84177_250423_121042_s4
4.F.1.B	20000	Kinnex16S_Fwd_03--Kinnex16S_Rev_38	99.47512009	75362	1517	Q30	114394472	4	F	1	B	6	15/07/2024	colonized_bee	m84177_250423_121042_s4
4.F.1.C	20000	Kinnex16S_Fwd_06--Kinnex16S_Rev_33	99.41808316	15296	1510	Q30	23104099	4	F	1	C	9	15/07/2024	colonized_bee	m84177_250423_121042_s4
4.F.1.D	20000	Kinnex16S_Fwd_07--Kinnex16S_Rev_44	99.38043236	4487	1511	Q30	6784327	4	F	1	D	11	15/07/2024	colonized_bee	m84177_250423_121042_s4
4.F.2.A	20000	Kinnex16S_Fwd_02--Kinnex16S_Rev_28	99.39946889	2636	1514	Q30	3992113	4	F	2	A	4	15/07/2024	colonized_bee	m84177_250423_121042_s4
4.F.2.B	20000	Kinnex16S_Fwd_05--Kinnex16S_Rev_25	99.33283358	8671	1516	Q30	13150524	4	F	2	B	6	15/07/2024	colonized_bee	m84177_250423_121042_s4
4.F.2.C	20000	Kinnex16S_Fwd_05--Kinnex16S_Rev_41	99.2884145	4497	1520	Q30	6838223	4	F	2	C	9	15/07/2024	colonized_bee	m84177_250423_121042_s4
4.F.2.D	20000	Kinnex16S_Fwd_09--Kinnex16S_Rev_28	99.31061614	17285	1519	Q30	26266103	4	F	2	D	11	15/07/2024	colonized_bee	m84177_250423_121042_s4
4.F.3.A	20000	Kinnex16S_Fwd_02--Kinnex16S_Rev_32	99.48089944	35889	1512	Q30	54292921	4	F	3	A	4	15/07/2024	colonized_bee	m84177_250423_121042_s4
4.F.3.B	20000	Kinnex16S_Fwd_04--Kinnex16S_Rev_32	99.47215994	21408	1510	Q30	32343880	4	F	3	B	6	15/07/2024	colonized_bee	m84177_250423_121042_s4
4.F.3.C	20000	Kinnex16S_Fwd_07--Kinnex16S_Rev_27	99.36622222	6750	1513	Q30	10217418	4	F	3	C	9	15/07/2024	colonized_bee	m84177_250423_121042_s4
4.F.3.D	20000	Kinnex16S_Fwd_08--Kinnex16S_Rev_32	99.45353805	37450	1516	Q30	56803260	4	F	3	D	11	15/07/2024	colonized_bee	m84177_250423_121042_s4
4.F.4.C	20000	Kinnex16S_Fwd_06--Kinnex16S_Rev_34	99.43624102	33807	1514	Q30	51211505	4	F	4	C	9	15/07/2024	colonized_bee	m84177_250423_121042_s4
4.F.4.D	20000	Kinnex16S_Fwd_08--Kinnex16S_Rev_37	99.37182229	4209	1514	Q30	6375107	4	F	4	D	11	15/07/2024	colonized_bee	m84177_250423_121042_s4
4.F.5.D	20000	Kinnex16S_Fwd_10--Kinnex16S_Rev_21	98.90834575	5368	1518	Q30	8152781	4	F	5	D	11	15/07/2024	colonized_bee	m84177_250423_121042_s4
4.MD.1.A	20000	Kinnex16S_Fwd_01--Kinnex16S_Rev_41	96.17307692	52	1502	Q31	78132	4	MD	1	A	4	15/07/2024	MD	m84177_250423_121042_s4
4.MD.1.B	20000	Kinnex16S_Fwd_04--Kinnex16S_Rev_33	99.52193472	29565	1494	Q30	44179968	4	MD	1	B	6	15/07/2024	MD	m84177_250423_121042_s4
4.MD.1.C	20000	Kinnex16S_Fwd_07--Kinnex16S_Rev_28	99.49859609	24218	1494	Q30	36190799	4	MD	1	C	9	15/07/2024	MD	m84177_250423_121042_s4
4.MD.1.D	20000	Kinnex16S_Fwd_08--Kinnex16S_Rev_38	99.49579333	10103	1493	Q30	15092226	4	MD	1	D	11	15/07/2024	MD	m84177_250423_121042_s4
4.MD.2.A	20000	Kinnex16S_Fwd_03--Kinnex16S_Rev_21	99.50561522	24487	1498	Q30	36689529	4	MD	2	A	4	15/07/2024	MD	m84177_250423_121042_s4
4.MD.2.B	20000	Kinnex16S_Fwd_03--Kinnex16S_Rev_39	97	84	1508	Q29	126712	4	MD	2	B	6	15/07/2024	MD	m84177_250423_121042_s4
4.MD.2.C	20000	Kinnex16S_Fwd_06--Kinnex16S_Rev_35	99.4812196	19941	1494	Q30	29801940	4	MD	2	C	9	15/07/2024	MD	m84177_250423_121042_s4
4.MD.2.D	20000	Kinnex16S_Fwd_10--Kinnex16S_Rev_22	99.41140521	22744	1494	Q30	33999865	4	MD	2	D	11	15/07/2024	MD	m84177_250423_121042_s4
4.MD.3.A	20000	Kinnex16S_Fwd_02--Kinnex16S_Rev_33	99.47656003	6314	1488	Q30	9400901	4	MD	3	A	4	15/07/2024	MD	m84177_250423_121042_s4
4.MD.3.B	20000	Kinnex16S_Fwd_05--Kinnex16S_Rev_26	99.46575116	12088	1496	Q30	18087430	4	MD	3	B	6	15/07/2024	MD	m84177_250423_121042_s4
4.MD.3.C	20000	Kinnex16S_Fwd_05--Kinnex16S_Rev_42	99.50076144	15103	1489	Q30	22496515	4	MD	3	C	9	15/07/2024	MD	m84177_250423_121042_s4
4.MD.3.D	20000	Kinnex16S_Fwd_08--Kinnex16S_Rev_33	99.53188839	28098	1495	Q30	42015751	4	MD	3	D	11	15/07/2024	MD	m84177_250423_121042_s4
4.MD.4.D	20000	Kinnex16S_Fwd_08--Kinnex16S_Rev_39	99.46326837	19343	1492	Q30	28877447	4	MD	4	D	11	15/07/2024	MD	m84177_250423_121042_s4
4.SWT.1.A	20000	Kinnex16S_Fwd_03--Kinnex16S_Rev_22	99.36536934	3777	1516	Q30	5726306	4	SWT	1	A	4	15/07/2024	colonized_bee	m84177_250423_121042_s4
4.SWT.1.C	20000	Kinnex16S_Fwd_06--Kinnex16S_Rev_36	99.40703537	26182	1507	Q30	39475045	4	SWT	1	C	9	15/07/2024	colonized_bee	m84177_250423_121042_s4
4.SWT.1.D	20000	Kinnex16S_Fwd_09--Kinnex16S_Rev_36	99.37293848	27892	1513	Q30	42213195	4	SWT	1	D	11	15/07/2024	colonized_bee	m84177_250423_121042_s4
4.SWT.2.A	20000	Kinnex16S_Fwd_02--Kinnex16S_Rev_34	99.44282436	35732	1515	Q30	54138848	4	SWT	2	A	4	15/07/2024	colonized_bee	m84177_250423_121042_s4
4.SWT.2.B	20000	Kinnex16S_Fwd_04--Kinnex16S_Rev_34	99.42679006	23016	1513	Q30	34836569	4	SWT	2	B	6	15/07/2024	colonized_bee	m84177_250423_121042_s4
4.SWT.2.C	20000	Kinnex16S_Fwd_05--Kinnex16S_Rev_43	99.47693966	4640	1510	Q30	7010826	4	SWT	2	C	9	15/07/2024	colonized_bee	m84177_250423_121042_s4
4.SWT.3.B	20000	Kinnex16S_Fwd_03--Kinnex16S_Rev_40	99.52641026	3900	1507	Q30	5878173	4	SWT	3	B	6	15/07/2024	colonized_bee	m84177_250423_121042_s4
4.SWT.3.C	20000	Kinnex16S_Fwd_08--Kinnex16S_Rev_21	99.29435593	3703	1510	Q30	5592629	4	SWT	3	C	9	15/07/2024	colonized_bee	m84177_250423_121042_s4
4.SWT.4.C	20000	Kinnex16S_Fwd_07--Kinnex16S_Rev_29	99.43668536	25318	1517	Q30	38408092	4	SWT	4	C	9	15/07/2024	colonized_bee	m84177_250423_121042_s4
4.SWT.4.D	20000	Kinnex16S_Fwd_10--Kinnex16S_Rev_37	99.15835141	5993	1513	Q30	9072928	4	SWT	4	D	11	15/07/2024	colonized_bee	m84177_250423_121042_s4
H2_1	20000	Kinnex16S_Fwd_10--Kinnex16S_Rev_28	99.41828968	8934	1494	Q30	13347564	NA	NA	NA	NA	NA	15/07/2024	inoculum_24h	m84177_250423_121042_s4
H2_2	20000	Kinnex16S_Fwd_09--Kinnex16S_Rev_37	99.23355577	7343	1494	Q30	10972090	NA	NA	NA	NA	NA	15/07/2024	inoculum_24h	m84177_250423_121042_s4
H3_1	20000	Kinnex16S_Fwd_09--Kinnex16S_Rev_30	99.29395105	18714	1496	Q30	27996501	NA	NA	NA	NA	NA	15/07/2024	inoculum_24h	m84177_250423_121042_s4
H3_2	20000	Kinnex16S_Fwd_09--Kinnex16S_Rev_38	99.22763359	6550	1496	Q30	9802150	NA	NA	NA	NA	NA	15/07/2024	inoculum_24h	m84177_250423_121042_s4
H4_1	20000	Kinnex16S_Fwd_09--Kinnex16S_Rev_31	99.44269266	49854	1494	Q30	74517638	NA	NA	NA	NA	NA	15/07/2024	inoculum_24h	m84177_250423_121042_s4
H4_2	20000	Kinnex16S_Fwd_09--Kinnex16S_Rev_39	99.3757035	7285	1496	Q30	10903026	NA	NA	NA	NA	NA	15/07/2024	inoculum_24h	m84177_250423_121042_s4
Mix_15_1	20000	Kinnex16S_Fwd_10--Kinnex16S_Rev_27	98.541788	6868	1497	Q30	10287039	NA	NA	NA	NA	NA	15/07/2024	inoculum_0h	m84177_250423_121042_s4
Mix_15_2	20000	Kinnex16S_Fwd_09--Kinnex16S_Rev_29	99.46598242	45403	1495	Q30	67904044	NA	NA	NA	NA	NA	15/07/2024	inoculum_0h	m84177_250423_121042_s4
HF	20000	Kinnex16S_Fwd_09--Kinnex16S_Rev_40	99.38853338	11564	1492	Q30	17258142	NA	NA	NA	NA	NA	26/09/2024	inoculum_0h	m84177_250423_121042_s4
Mix_26	20000	Kinnex16S_Fwd_09--Kinnex16S_Rev_32	99.45358186	30473	1493	Q30	45497591	NA	NA	NA	NA	NA	26/09/2024	inoculum_0h	m84177_250423_121042_s4
EB1	20000	Kinnex16S_Fwd_11--Kinnex16S_Rev_21	93.81212121	495	1525	Q28	755292	NA	NA	NA	NA	NA	NA	blank	m84177_250423_121042_s4
EB10	20000	Kinnex16S_Fwd_09--Kinnex16S_Rev_42	95.09230769	130	1518	Q28	197414	NA	NA	NA	NA	NA	NA	blank	m84177_250423_121042_s4
EB11	20000	Kinnex16S_Fwd_09--Kinnex16S_Rev_43	96.41401274	157	1513	Q29	237624	NA	NA	NA	NA	NA	NA	blank	m84177_250423_121042_s4
EB12	20000	Kinnex16S_Fwd_09--Kinnex16S_Rev_44	94.74590164	244	1517	Q28	370372	NA	NA	NA	NA	NA	NA	blank	m84177_250423_121042_s4
EB2	20000	Kinnex16S_Fwd_11--Kinnex16S_Rev_22	95.20634921	189	1516	Q29	286595	NA	NA	NA	NA	NA	NA	blank	m84177_250423_121042_s4
EB3	20000	Kinnex16S_Fwd_11--Kinnex16S_Rev_23	96.77380952	252	1528	Q28	385228	NA	NA	NA	NA	NA	NA	blank	m84177_250423_121042_s4
EB4	20000	Kinnex16S_Fwd_11--Kinnex16S_Rev_24	92.74331551	187	1525	Q28	285244	NA	NA	NA	NA	NA	NA	blank	m84177_250423_121042_s4
EB5	20000	Kinnex16S_Fwd_10--Kinnex16S_Rev_29	97.10579858	983	1516	Q29	1490293	NA	NA	NA	NA	NA	NA	blank	m84177_250423_121042_s4
EB6	20000	Kinnex16S_Fwd_10--Kinnex16S_Rev_30	96.36708861	1027	1519	Q29	1560146	NA	NA	NA	NA	NA	NA	blank	m84177_250423_121042_s4
EB7	20000	Kinnex16S_Fwd_10--Kinnex16S_Rev_31	97.21726619	695	1521	Q29	1057252	NA	NA	NA	NA	NA	NA	blank	m84177_250423_121042_s4
EB8	20000	Kinnex16S_Fwd_10--Kinnex16S_Rev_32	97.70363798	1127	1516	Q29	1709552	NA	NA	NA	NA	NA	NA	blank	m84177_250423_121042_s4
EB9	20000	Kinnex16S_Fwd_09--Kinnex16S_Rev_41	94.75167785	149	1525	Q29	227327	NA	NA	NA	NA	NA	NA	blank	m84177_250423_121042_s4
1.F.1.A	20000	Kinnex16S_Fwd_01--Kinnex16S_Rev_21	99.24970131	2511	1511	Q30	3795795	1	F	1	A	4	26/09/2024	colonized_bee	m84177_250423_121042_s4
1.F.1.B	20000	Kinnex16S_Fwd_04--Kinnex16S_Rev_23	99.30462466	2984	1510	Q30	4508204	1	F	1	B	6	26/09/2024	colonized_bee	m84177_250423_121042_s4
1.F.1.C	20000	Kinnex16S_Fwd_05--Kinnex16S_Rev_31	99.45461921	36976	1512	Q30	55934887	1	F	1	C	9	26/09/2024	colonized_bee	m84177_250423_121042_s4
1.F.1.D	20000	Kinnex16S_Fwd_06--Kinnex16S_Rev_40	99.36318408	2613	1500	Q30	3921585	1	F	1	D	11	26/09/2024	colonized_bee	m84177_250423_121042_s4
1.F.2.A	20000	Kinnex16S_Fwd_01--Kinnex16S_Rev_29	99.4333273	33132	1514	Q30	50179219	1	F	2	A	4	26/09/2024	colonized_bee	m84177_250423_121042_s4
1.F.2.B	20000	Kinnex16S_Fwd_03--Kinnex16S_Rev_30	99.44143157	20984	1514	Q30	31785590	1	F	2	B	6	26/09/2024	colonized_bee	m84177_250423_121042_s4
1.F.2.C	20000	Kinnex16S_Fwd_04--Kinnex16S_Rev_38	99.17133847	2854	1511	Q30	4313254	1	F	2	C	9	26/09/2024	colonized_bee	m84177_250423_121042_s4
1.F.3.A	20000	Kinnex16S_Fwd_01--Kinnex16S_Rev_22	99.34458788	5035	1516	Q30	7633513	1	F	3	A	4	26/09/2024	colonized_bee	m84177_250423_121042_s4
1.F.3.B	20000	Kinnex16S_Fwd_02--Kinnex16S_Rev_37	99.36688396	3835	1513	Q30	5803645	1	F	3	B	6	26/09/2024	colonized_bee	m84177_250423_121042_s4
1.F.3.C	20000	Kinnex16S_Fwd_06--Kinnex16S_Rev_25	99.29897762	7238	1513	Q30	10957783	1	F	3	C	9	26/09/2024	colonized_bee	m84177_250423_121042_s4
1.F.3.D	20000	Kinnex16S_Fwd_08--Kinnex16S_Rev_27	99.27102507	3151	1507	Q30	4750820	1	F	3	D	11	26/09/2024	colonized_bee	m84177_250423_121042_s4
1.F.4.A	20000	Kinnex16S_Fwd_01--Kinnex16S_Rev_23	99.36056876	4712	1517	Q30	7148845	1	F	4	A	4	26/09/2024	colonized_bee	m84177_250423_121042_s4
1.F.4.B	20000	Kinnex16S_Fwd_04--Kinnex16S_Rev_24	99.30159724	6386	1517	Q30	9692440	1	F	4	B	6	26/09/2024	colonized_bee	m84177_250423_121042_s4
1.F.4.D	20000	Kinnex16S_Fwd_07--Kinnex16S_Rev_34	99.45386934	35497	1512	Q30	53673194	1	F	4	D	11	26/09/2024	colonized_bee	m84177_250423_121042_s4
1.F.5.A	20000	Kinnex16S_Fwd_01--Kinnex16S_Rev_30	99.39741119	27503	1516	Q30	41711912	1	F	5	A	4	26/09/2024	colonized_bee	m84177_250423_121042_s4
1.F.5.C	20000	Kinnex16S_Fwd_05--Kinnex16S_Rev_32	99.44960022	22262	1511	Q30	33655995	1	F	5	C	9	26/09/2024	colonized_bee	m84177_250423_121042_s4
1.F.5.D	20000	Kinnex16S_Fwd_06--Kinnex16S_Rev_41	99.34838316	3278	1519	Q30	4980298	1	F	5	D	11	26/09/2024	colonized_bee	m84177_250423_121042_s4
1.F.6.B	20000	Kinnex16S_Fwd_03--Kinnex16S_Rev_31	99.45836099	19585	1514	Q30	29665956	1	F	6	B	6	26/09/2024	colonized_bee	m84177_250423_121042_s4
1.F.6.C	20000	Kinnex16S_Fwd_04--Kinnex16S_Rev_39	99.37692019	2669	1508	Q30	4025395	1	F	6	C	9	26/09/2024	colonized_bee	m84177_250423_121042_s4
1.F.7.D	20000	Kinnex16S_Fwd_08--Kinnex16S_Rev_28	99.3593896	3211	1509	Q30	4846160	1	F	7	D	11	26/09/2024	colonized_bee	m84177_250423_121042_s4
1.MD.1.A	20000	Kinnex16S_Fwd_01--Kinnex16S_Rev_37	93.80327869	61	1503	Q28	91720	1	MD	1	A	4	26/09/2024	MD	m84177_250423_121042_s4
1.MD.1.B	20000	Kinnex16S_Fwd_03--Kinnex16S_Rev_32	99.45279812	7648	1489	Q30	11390835	1	MD	1	B	6	26/09/2024	MD	m84177_250423_121042_s4
1.MD.1.C	20000	Kinnex16S_Fwd_04--Kinnex16S_Rev_40	93.52830189	53	1538	Q27	81538	1	MD	1	C	9	26/09/2024	MD	m84177_250423_121042_s4
1.MD.2.A	20000	Kinnex16S_Fwd_01--Kinnex16S_Rev_24	99.471607	43074	1494	Q30	64361358	1	MD	2	A	4	26/09/2024	MD	m84177_250423_121042_s4
1.MD.2.C	20000	Kinnex16S_Fwd_06--Kinnex16S_Rev_26	99.48728445	11482	1485	Q30	17056498	1	MD	2	C	9	26/09/2024	MD	m84177_250423_121042_s4
1.MD.3.A	20000	Kinnex16S_Fwd_01--Kinnex16S_Rev_25	99.49444433	145707	1493	Q30	217632154	1	MD	3	A	4	26/09/2024	MD	m84177_250423_121042_s4
1.MD.3.B	20000	Kinnex16S_Fwd_04--Kinnex16S_Rev_25	99.49981076	31706	1495	Q30	47404166	1	MD	3	B	6	26/09/2024	MD	m84177_250423_121042_s4
1.MD.3.C	20000	Kinnex16S_Fwd_05--Kinnex16S_Rev_33	99.49834955	23024	1494	Q30	34398569	1	MD	3	C	9	26/09/2024	MD	m84177_250423_121042_s4
1.MD.3.D	20000	Kinnex16S_Fwd_06--Kinnex16S_Rev_42	94.88461538	52	1516	Q29	78833	1	MD	3	D	11	26/09/2024	MD	m84177_250423_121042_s4
1.MD.4.A	20000	Kinnex16S_Fwd_01--Kinnex16S_Rev_31	99.50736956	42472	1493	Q30	63433378	1	MD	4	A	4	26/09/2024	MD	m84177_250423_121042_s4
1.MD.4.B	20000	Kinnex16S_Fwd_03--Kinnex16S_Rev_33	99.52690991	13731	1490	Q30	20470275	1	MD	4	B	6	26/09/2024	MD	m84177_250423_121042_s4
1.MD.4.C	20000	Kinnex16S_Fwd_04--Kinnex16S_Rev_41	96.29230769	65	1549	Q30	100700	1	MD	4	C	9	26/09/2024	MD	m84177_250423_121042_s4
1.MD.4.D	20000	Kinnex16S_Fwd_09--Kinnex16S_Rev_21	99.39424196	36957	1494	Q30	55246025	1	MD	4	D	11	26/09/2024	MD	m84177_250423_121042_s4
1.MD.5.A	20000	Kinnex16S_Fwd_01--Kinnex16S_Rev_38	97.25	100	1512	Q29	151219	1	MD	5	A	4	26/09/2024	MD	m84177_250423_121042_s4
1.MD.5.B	20000	Kinnex16S_Fwd_02--Kinnex16S_Rev_39	90.8	35	1512	Q27	52948	1	MD	5	B	6	26/09/2024	MD	m84177_250423_121042_s4
1.MD.5.C	20000	Kinnex16S_Fwd_06--Kinnex16S_Rev_27	99.51603744	60577	1492	Q30	90432721	1	MD	5	C	9	26/09/2024	MD	m84177_250423_121042_s4
1.MD.5.D	20000	Kinnex16S_Fwd_07--Kinnex16S_Rev_35	99.42029527	5351	1490	Q30	7974748	1	MD	5	D	11	26/09/2024	MD	m84177_250423_121042_s4
1.MD.6.B	20000	Kinnex16S_Fwd_04--Kinnex16S_Rev_26	99.51967401	63561	1495	Q30	95029344	1	MD	6	B	6	26/09/2024	MD	m84177_250423_121042_s4
1.MD.6.C	20000	Kinnex16S_Fwd_05--Kinnex16S_Rev_34	99.49628806	22495	1493	Q30	33594758	1	MD	6	C	9	26/09/2024	MD	m84177_250423_121042_s4
1.MD.6.D	20000	Kinnex16S_Fwd_06--Kinnex16S_Rev_43	95.63829787	47	1521	Q29	71509	1	MD	6	D	11	26/09/2024	MD	m84177_250423_121042_s4
1.MD.7.D	20000	Kinnex16S_Fwd_09--Kinnex16S_Rev_22	99.39167704	14466	1494	Q30	21619957	1	MD	7	D	11	26/09/2024	MD	m84177_250423_121042_s4
1.SWT.1.A	20000	Kinnex16S_Fwd_01--Kinnex16S_Rev_32	99.48964771	45304	1490	Q30	67524274	1	SWT	1	A	4	26/09/2024	colonized_bee	m84177_250423_121042_s4
1.SWT.1.B	20000	Kinnex16S_Fwd_03--Kinnex16S_Rev_34	99.47875145	28449	1501	Q30	42702022	1	SWT	1	B	6	26/09/2024	colonized_bee	m84177_250423_121042_s4
1.SWT.1.D	20000	Kinnex16S_Fwd_06--Kinnex16S_Rev_44	99.10154346	2462	1510	Q30	3718066	1	SWT	1	D	11	26/09/2024	colonized_bee	m84177_250423_121042_s4
1.SWT.2.A	20000	Kinnex16S_Fwd_01--Kinnex16S_Rev_26	99.33042568	5732	1504	Q30	8623989	1	SWT	2	A	4	26/09/2024	colonized_bee	m84177_250423_121042_s4
1.SWT.2.B	20000	Kinnex16S_Fwd_02--Kinnex16S_Rev_40	99.41133896	4145	1496	Q30	6201492	1	SWT	2	B	6	26/09/2024	colonized_bee	m84177_250423_121042_s4
1.SWT.2.C	20000	Kinnex16S_Fwd_05--Kinnex16S_Rev_35	99.4519025	33640	1512	Q30	50891328	1	SWT	2	C	9	26/09/2024	colonized_bee	m84177_250423_121042_s4
1.SWT.2.D	20000	Kinnex16S_Fwd_07--Kinnex16S_Rev_37	99.33452211	4206	1513	Q30	6366530	1	SWT	2	D	11	26/09/2024	colonized_bee	m84177_250423_121042_s4
1.SWT.3.A	20000	Kinnex16S_Fwd_01--Kinnex16S_Rev_27	99.42814409	8023	1499	Q30	12033183	1	SWT	3	A	4	26/09/2024	colonized_bee	m84177_250423_121042_s4
1.SWT.3.B	20000	Kinnex16S_Fwd_04--Kinnex16S_Rev_27	99.3514261	5785	1511	Q30	8744424	1	SWT	3	B	6	26/09/2024	colonized_bee	m84177_250423_121042_s4
1.SWT.3.C	20000	Kinnex16S_Fwd_04--Kinnex16S_Rev_42	99.35605381	2230	1511	Q30	3369542	1	SWT	3	C	9	26/09/2024	colonized_bee	m84177_250423_121042_s4
1.SWT.3.D	20000	Kinnex16S_Fwd_09--Kinnex16S_Rev_23	99.28522139	5217	1514	Q30	7900866	1	SWT	3	D	11	26/09/2024	colonized_bee	m84177_250423_121042_s4
1.SWT.4.A	20000	Kinnex16S_Fwd_01--Kinnex16S_Rev_33	99.48340717	60719	1493	Q30	90697983	1	SWT	4	A	4	26/09/2024	colonized_bee	m84177_250423_121042_s4
1.SWT.4.C	20000	Kinnex16S_Fwd_06--Kinnex16S_Rev_28	99.4327763	5266	1509	Q30	7948861	1	SWT	4	C	9	26/09/2024	colonized_bee	m84177_250423_121042_s4
1.SWT.4.D	20000	Kinnex16S_Fwd_07--Kinnex16S_Rev_38	99.3385906	2980	1508	Q30	4494445	1	SWT	4	D	11	26/09/2024	colonized_bee	m84177_250423_121042_s4
1.SWT.5.A	20000	Kinnex16S_Fwd_01--Kinnex16S_Rev_39	99.45629511	2494	1507	Q30	3759841	1	SWT	5	A	4	26/09/2024	colonized_bee	m84177_250423_121042_s4
1.SWT.5.C	20000	Kinnex16S_Fwd_05--Kinnex16S_Rev_36	99.40732462	38473	1518	Q30	58435470	1	SWT	5	C	9	26/09/2024	colonized_bee	m84177_250423_121042_s4
1.SWT.5.D	20000	Kinnex16S_Fwd_07--Kinnex16S_Rev_39	99.35436057	2901	1513	Q30	4389359	1	SWT	5	D	11	26/09/2024	colonized_bee	m84177_250423_121042_s4
1.SWT.6.D	20000	Kinnex16S_Fwd_09--Kinnex16S_Rev_24	99.19501489	6379	1508	Q30	9619771	1	SWT	6	D	11	26/09/2024	colonized_bee	m84177_250423_121042_s4
5.F.1.A	20000	Kinnex16S_Fwd_03--Kinnex16S_Rev_23	99.40623229	5295	1510	Q30	7997030	5	F	1	A	4	26/09/2024	colonized_bee	m84177_250423_121042_s4
5.F.1.B	20000	Kinnex16S_Fwd_03--Kinnex16S_Rev_41	99.49366495	2131	1511	Q30	3221692	5	F	1	B	6	26/09/2024	colonized_bee	m84177_250423_121042_s4
5.F.1.D	20000	Kinnex16S_Fwd_08--Kinnex16S_Rev_34	99.46239253	81420	1519	Q30	123702450	5	F	1	D	11	26/09/2024	colonized_bee	m84177_250423_121042_s4
5.F.2.A	20000	Kinnex16S_Fwd_03--Kinnex16S_Rev_24	99.30354853	2339	1514	Q30	3542413	5	F	2	A	4	26/09/2024	colonized_bee	m84177_250423_121042_s4
5.F.2.B	20000	Kinnex16S_Fwd_05--Kinnex16S_Rev_27	99.40369997	14865	1516	Q30	22542957	5	F	2	B	6	26/09/2024	colonized_bee	m84177_250423_121042_s4
5.F.2.C	20000	Kinnex16S_Fwd_05--Kinnex16S_Rev_44	99.41799051	4847	1512	Q30	7332790	5	F	2	C	9	26/09/2024	colonized_bee	m84177_250423_121042_s4
5.F.2.D	20000	Kinnex16S_Fwd_08--Kinnex16S_Rev_40	99.41634241	4883	1510	Q30	7373827	5	F	2	D	11	26/09/2024	colonized_bee	m84177_250423_121042_s4
5.F.3.A	20000	Kinnex16S_Fwd_02--Kinnex16S_Rev_35	99.46692189	27949	1515	Q30	42362843	5	F	3	A	4	26/09/2024	colonized_bee	m84177_250423_121042_s4
5.F.3.B	20000	Kinnex16S_Fwd_04--Kinnex16S_Rev_35	99.45576873	27051	1515	Q30	40984324	5	F	3	B	6	26/09/2024	colonized_bee	m84177_250423_121042_s4
5.F.3.C	20000	Kinnex16S_Fwd_08--Kinnex16S_Rev_22	99.33669222	4565	1512	Q30	6906090	5	F	3	C	9	26/09/2024	colonized_bee	m84177_250423_121042_s4
5.F.3.D	20000	Kinnex16S_Fwd_10--Kinnex16S_Rev_23	99.28984701	7190	1510	Q30	10858061	5	F	3	D	11	26/09/2024	colonized_bee	m84177_250423_121042_s4
5.F.4.A	20000	Kinnex16S_Fwd_01--Kinnex16S_Rev_42	99.42658168	4236	1512	Q30	6404954	5	F	4	A	4	26/09/2024	colonized_bee	m84177_250423_121042_s4
5.F.4.B	20000	Kinnex16S_Fwd_03--Kinnex16S_Rev_42	99.48016635	3126	1519	Q30	4750087	5	F	4	B	6	26/09/2024	colonized_bee	m84177_250423_121042_s4
5.F.4.C	20000	Kinnex16S_Fwd_07--Kinnex16S_Rev_30	99.41108999	32083	1512	Q30	48532903	5	F	4	C	9	26/09/2024	colonized_bee	m84177_250423_121042_s4
5.F.4.D	20000	Kinnex16S_Fwd_08--Kinnex16S_Rev_35	99.47145967	37666	1515	Q30	57068121	5	F	4	D	11	26/09/2024	colonized_bee	m84177_250423_121042_s4
5.F.5.A	20000	Kinnex16S_Fwd_03--Kinnex16S_Rev_25	99.26996325	2993	1510	Q30	4521589	5	F	5	A	4	26/09/2024	colonized_bee	m84177_250423_121042_s4
5.F.7.B	20000	Kinnex16S_Fwd_05--Kinnex16S_Rev_28	99.3725724	5870	1516	Q30	8900657	5	F	7	B	6	26/09/2024	colonized_bee	m84177_250423_121042_s4
5.MD.1.A	20000	Kinnex16S_Fwd_03--Kinnex16S_Rev_26	99.4975	17200	1494	Q30	25708505	5	MD	1	A	4	26/09/2024	MD	m84177_250423_121042_s4
5.MD.1.B	20000	Kinnex16S_Fwd_04--Kinnex16S_Rev_36	99.51226653	26984	1496	Q30	40369260	5	MD	1	B	6	26/09/2024	MD	m84177_250423_121042_s4
5.MD.1.C	20000	Kinnex16S_Fwd_08--Kinnex16S_Rev_23	99.51445402	80635	1492	Q30	120367394	5	MD	1	C	9	26/09/2024	MD	m84177_250423_121042_s4
5.MD.2.A	20000	Kinnex16S_Fwd_03--Kinnex16S_Rev_27	99.53630317	46759	1496	Q30	69983505	5	MD	2	A	4	26/09/2024	MD	m84177_250423_121042_s4
5.MD.2.B	20000	Kinnex16S_Fwd_03--Kinnex16S_Rev_43	97.36538462	52	1514	Q28	78746	5	MD	2	B	6	26/09/2024	MD	m84177_250423_121042_s4
5.MD.2.C	20000	Kinnex16S_Fwd_07--Kinnex16S_Rev_31	99.45363296	13350	1494	Q30	19950373	5	MD	2	C	9	26/09/2024	MD	m84177_250423_121042_s4
5.MD.2.D	20000	Kinnex16S_Fwd_10--Kinnex16S_Rev_24	99.45737445	59835	1494	Q30	89421553	5	MD	2	D	11	26/09/2024	MD	m84177_250423_121042_s4
5.MD.3.A	20000	Kinnex16S_Fwd_02--Kinnex16S_Rev_36	99.4776953	14145	1493	Q30	21119719	5	MD	3	A	4	26/09/2024	MD	m84177_250423_121042_s4
5.MD.3.B	20000	Kinnex16S_Fwd_06--Kinnex16S_Rev_21	99.49450799	48525	1493	Q30	72452114	5	MD	3	B	6	26/09/2024	MD	m84177_250423_121042_s4
5.MD.3.D	20000	Kinnex16S_Fwd_08--Kinnex16S_Rev_36	99.50883362	23037	1492	Q30	34388718	5	MD	3	D	11	26/09/2024	MD	m84177_250423_121042_s4
5.MD.4.A	20000	Kinnex16S_Fwd_01--Kinnex16S_Rev_43	96.8	70	1507	Q27	105491	5	MD	4	A	4	26/09/2024	MD	m84177_250423_121042_s4
5.MD.4.B	20000	Kinnex16S_Fwd_05--Kinnex16S_Rev_29	99.50286044	57159	1489	Q30	85142777	5	MD	4	B	6	26/09/2024	MD	m84177_250423_121042_s4
5.MD.4.C	20000	Kinnex16S_Fwd_06--Kinnex16S_Rev_37	91.9266055	109	1513	Q29	164932	5	MD	4	C	9	26/09/2024	MD	m84177_250423_121042_s4
5.MD.4.D	20000	Kinnex16S_Fwd_08--Kinnex16S_Rev_41	99.50161183	40637	1493	Q30	60695178	5	MD	4	D	11	26/09/2024	MD	m84177_250423_121042_s4
5.MD.5.A	20000	Kinnex16S_Fwd_03--Kinnex16S_Rev_28	99.53654488	48201	1496	Q30	72116633	5	MD	5	A	4	26/09/2024	MD	m84177_250423_121042_s4
5.MD.5.D	20000	Kinnex16S_Fwd_10--Kinnex16S_Rev_25	99.48492983	174716	1494	Q30	261091076	5	MD	5	D	11	26/09/2024	MD	m84177_250423_121042_s4
5.MD.6.B	20000	Kinnex16S_Fwd_06--Kinnex16S_Rev_22	99.46842065	26378	1493	Q30	39406526	5	MD	6	B	6	26/09/2024	MD	m84177_250423_121042_s4
5.MD.6.C	20000	Kinnex16S_Fwd_08--Kinnex16S_Rev_24	99.42832209	8594	1487	Q30	12781889	5	MD	6	C	9	26/09/2024	MD	m84177_250423_121042_s4
5.SWT.1.A	20000	Kinnex16S_Fwd_04--Kinnex16S_Rev_21	99.13944108	3471	1508	Q30	5235528	5	SWT	1	A	4	26/09/2024	colonized_bee	m84177_250423_121042_s4
5.SWT.1.B	20000	Kinnex16S_Fwd_06--Kinnex16S_Rev_23	99.37637851	5622	1512	Q30	8502704	5	SWT	1	B	6	26/09/2024	colonized_bee	m84177_250423_121042_s4
5.SWT.1.C	20000	Kinnex16S_Fwd_06--Kinnex16S_Rev_38	99.20795942	2563	1511	Q30	3874572	5	SWT	1	C	9	26/09/2024	colonized_bee	m84177_250423_121042_s4
5.SWT.1.D	20000	Kinnex16S_Fwd_08--Kinnex16S_Rev_42	99.39757767	1899	1513	Q30	2873781	5	SWT	1	D	11	26/09/2024	colonized_bee	m84177_250423_121042_s4
5.SWT.2.A	20000	Kinnex16S_Fwd_04--Kinnex16S_Rev_22	99.35746441	8219	1509	Q30	12403996	5	SWT	2	A	4	26/09/2024	colonized_bee	m84177_250423_121042_s4
5.SWT.2.C	20000	Kinnex16S_Fwd_08--Kinnex16S_Rev_25	99.2082495	4970	1513	Q30	7522973	5	SWT	2	C	9	26/09/2024	colonized_bee	m84177_250423_121042_s4
5.SWT.3.A	20000	Kinnex16S_Fwd_03--Kinnex16S_Rev_29	99.4650281	36658	1513	Q30	55486217	5	SWT	3	A	4	26/09/2024	colonized_bee	m84177_250423_121042_s4
5.SWT.3.B	20000	Kinnex16S_Fwd_05--Kinnex16S_Rev_30	99.40232641	19601	1508	Q30	29566390	5	SWT	3	B	6	26/09/2024	colonized_bee	m84177_250423_121042_s4
5.SWT.3.C	20000	Kinnex16S_Fwd_07--Kinnex16S_Rev_32	99.45259687	29112	1512	Q30	44038815	5	SWT	3	C	9	26/09/2024	colonized_bee	m84177_250423_121042_s4
5.SWT.3.D	20000	Kinnex16S_Fwd_08--Kinnex16S_Rev_43	99.37037037	2403	1511	Q30	3633142	5	SWT	3	D	11	26/09/2024	colonized_bee	m84177_250423_121042_s4
5.SWT.4.A	20000	Kinnex16S_Fwd_01--Kinnex16S_Rev_44	99.42680324	4686	1509	Q30	7072301	5	SWT	4	A	4	26/09/2024	colonized_bee	m84177_250423_121042_s4
5.SWT.4.B	20000	Kinnex16S_Fwd_04--Kinnex16S_Rev_37	99.27963849	3762	1513	Q30	5693992	5	SWT	4	B	6	26/09/2024	colonized_bee	m84177_250423_121042_s4
5.SWT.4.C	20000	Kinnex16S_Fwd_06--Kinnex16S_Rev_39	99.37586347	2461	1506	Q30	3706832	5	SWT	4	C	9	26/09/2024	colonized_bee	m84177_250423_121042_s4
5.SWT.4.D	20000	Kinnex16S_Fwd_10--Kinnex16S_Rev_26	99.33457911	5619	1511	Q30	8491232	5	SWT	4	D	11	26/09/2024	colonized_bee	m84177_250423_121042_s4
5.SWT.5.B	20000	Kinnex16S_Fwd_06--Kinnex16S_Rev_24	99.26599327	4455	1512	Q30	6738616	5	SWT	5	B	6	26/09/2024	colonized_bee	m84177_250423_121042_s4
5.SWT.5.C	20000	Kinnex16S_Fwd_08--Kinnex16S_Rev_26	99.42484389	4484	1512	Q30	6781464	5	SWT	5	C	9	26/09/2024	colonized_bee	m84177_250423_121042_s4
5.SWT.5.D	20000	Kinnex16S_Fwd_08--Kinnex16S_Rev_44	99.35475094	4778	1505	Q30	7193701	5	SWT	5	D	11	26/09/2024	colonized_bee	m84177_250423_121042_s4
5.SWT.6.C	20000	Kinnex16S_Fwd_07--Kinnex16S_Rev_33	99.46551099	30343	1510	Q30	45846792	5	SWT	6	C	9	26/09/2024	colonized_bee	m84177_250423_121042_s4